,pseudo_onset,pseudo_offset
0,-0.014493100395067125,0.16946092757653897
1,-0.2920197968911845,0.047655417095772076
2,-0.07809437141938295,0.21590330875804897
3,-0.2096369579116632,0.17380891761993628
4,-0.10390797630645572,0.17583541810965841
5,0.05672787646649658,0.1645698503537914
6,-0.10014460797775174,0.08881490235088901
7,0.03596440946157373,-0.1357705692780971
8,-0.06682375023701354,-0.07939550343667642
9,0.2900950661895873,-0.05650078448914892
10,0.033388118464824375,0.00012976257052567164
11,0.11298770028413742,0.06914202196819053
12,-0.11798074210866383,0.021588442613890188
13,0.17007640546123476,-0.06694555890537957
14,-0.13362087132181671,0.25277816025838323
15,0.08903209130388479,-0.013434536420005179
16,-0.1958241164173388,-0.10803129385339273
17,-0.10859026872638873,0.05138983274237493
18,0.01983222709277141,-0.07722700527106109
19,-0.08334711115205742,0.24123558862604785
20,0.004046050282292021,0.09506574456058883
21,0.1191248243764886,0.17368281053848547
22,-0.15409890389876033,-0.1303815506398208
23,0.09062967229822765,0.08820919279263521
24,0.3308148567602306,0.0765493466843646
25,0.06352633942020784,0.08998249888791772
26,0.15840052335498947,0.10190756332228544
27,0.17317813365835796,0.008406614045350773
28,-0.05259438711286344,0.17314690308590058
29,0.17417760880384364,-0.07046178295130608
30,-0.19475734251423146,0.17211847173007813
31,-0.12133462738692632,-0.011714427954975445
32,-0.0012853192572398026,0.24433968433725453
33,0.054829783675093675,-0.1786765456347197
34,-0.14804312310537024,0.17480550940282583
35,0.24984109621385608,-0.31194621802703354
36,-0.14115040968352002,0.03864918648437219
37,-0.16118852479976034,0.3436490872681055
38,-0.052402702216576204,-0.3122144516601312
39,0.267220983149142,-0.09556975551279986
40,-0.001967217851568572,0.2348057103057657
41,-0.10625402110103299,0.22398406257827422
42,0.009295212510471827,-0.1011651794878778
43,0.019124245072561503,0.015594589355278866
44,0.010072508683924352,0.16687042133864435
45,0.009476348310386214,-0.11072223199007968
46,-0.03287849536234761,-0.1199364435662172
47,-0.20321269510381829,-0.0307559765012802
48,-0.1271414032329374,-0.15773396730453096
49,-0.14468319952934094,0.06812742824723383
50,0.17453436508762393,-0.06911606921098556
51,0.22025134716797776,-0.2641977420637645
52,0.2826893941375518,0.17139080220326097
53,-0.1281906699929022,-0.02842498844983434
54,-0.02144872758371568,0.09951788485441347
55,0.05538964858415403,0.08330590259277536
56,-0.10357533719782244,0.021825927220395645
57,0.05941987047351813,0.010814682957901795
58,0.1737292051693338,0.10327105251854832
59,-0.03685328274901244,-0.01978545844510775
60,-0.06425956328924354,-0.18645597654686402
61,0.09867266438012866,-0.19684396136374568
62,0.3454723127237205,-0.07601061454706452
63,-0.05216714361971014,0.041655950671442586
64,-0.15845430060428337,-0.0014813062018202796
65,-0.06864348466355388,-0.04465637262609974
66,-0.003138447464489594,0.011511983486038907
67,-0.017366725060419187,0.2624320933639459
68,-0.0011131341968722793,-0.11116010781493947
69,-0.04192019143931736,-0.251218794736488
70,-0.059469449456824086,-0.015048402715697538
71,-0.015056073930325238,-0.05655166073670041
72,0.020328348718359292,-0.10027852065484515
73,0.1178296007763077,-0.03215124508595636
74,-0.19189570788187593,-0.24297407317164904
75,-0.0881101588229472,-0.14592938001669256
76,0.19319222337058803,0.13945653742539535
77,-0.10522344352751957,0.14848257563820969
78,0.002510869439269169,-0.3191082495769907
79,-0.09003449657262226,-0.02624462830618623
80,0.18330771515482921,0.13421126236273076
81,-0.043349159348238527,-0.10847135644996744
82,-0.09194215773783015,-0.045196431133384736
83,0.10251410232479663,0.06459960823243673
84,0.37481654531793335,-0.1603273963105648
85,-0.005196738828471426,0.04765392647716495
86,0.11524193861792206,0.19386550462420502
87,0.09065770726111698,0.24578117678273978
88,0.06721168474382848,0.005585644244354187
89,-0.13958962172801473,0.05214108519193422
90,-0.07775969684060209,-0.0613993171612844
91,-0.3681923165900837,-0.01183575718811579
92,-0.01038718138484877,0.11121083847690776
93,-0.00029760186565797514,0.08000079546929197
94,-0.06513661655377555,0.20557800238083287
95,-0.13093502472674995,0.26043664283648815
96,-0.02312878027485714,0.12707180427232864
97,0.09397025413635635,0.07082539709642045
98,0.002665087455741573,0.040475722397437346
99,0.11783595069149058,0.012557194363122534
100,-0.1356846617150296,-0.2360909598076482
101,0.014595931866254514,-0.10615629758020655
102,0.45033349894054725,-0.15508843210373408
103,-0.08709850716996392,0.22863989078484706
104,0.08640883210149937,0.04013361662417682
105,-0.021666826412518925,0.12001969442737986
106,0.12406702764074408,-0.09668268776720221
107,-0.06879832620586777,-0.10948141989525888
108,-0.08256957685479387,0.024583053073838693
109,0.05957017329488694,0.05303293774587415
110,0.06803231061214139,0.16609763015628282
111,0.18190497329788935,-0.01532242638655614
112,0.34552015874112235,-0.3393419995525335
113,0.0684340417503291,0.09104683908844283
114,0.2420287224882611,-0.1641837185506807
115,-0.06845791466622331,-0.07307859732097478
116,0.08245289010617671,0.21253590240746958
117,-0.20253144143560037,0.11652319034556086
118,0.02250635609146295,0.10666076982426789
119,0.1485469429807703,-0.09540101053646728
120,0.14136674525775927,-0.00802898588960249
121,-0.22153688164439744,-0.1348496855678174
122,-0.06453754433331826,0.11421748015903209
123,0.006848043521321198,0.12368566557076162
124,0.037511066593701126,-0.0294380200936747
125,0.0452398012226754,0.13511020470958413
126,-0.06615664224483146,0.13312039315777774
127,0.12499543675029891,0.07486946720942515
128,-0.07404793920524212,-0.30762250500587623
129,-0.3590077815108434,0.004217298890424633
130,0.08258591534212106,0.06930794954799743
131,0.024544201575106523,0.24359627596215347
132,0.11582089130413113,-0.10215511832614081
133,-0.13561933047409355,-0.14408701632869142
134,0.1019116877976529,0.1792031467226505
135,-0.26702712224641356,-0.019417570027173457
136,-0.12203014439343661,-0.2003841627440182
137,0.0990056432887191,0.05672043942799526
138,-0.03855289763807816,-0.1415675809411702
139,0.017386882149324403,-0.08148941654686295
140,-0.08817148299844893,0.09835391543069873
141,-0.05923725443893958,0.058822892710376905
142,-0.0355992782427754,-0.14159436991721636
143,0.0160150779939314,-0.15920637970821316
144,-0.01892131811854338,-0.08071369510931024
145,0.11759413383329352,0.03317204887357516
146,0.045809475091143186,0.3609555140360982
147,-0.02910013481868612,-0.000173290417998574
148,0.036653041116923024,-0.0839465796832347
149,0.16534448590713743,-0.05350887550211517
150,0.11545118245117561,0.19090391454072173
151,0.09340624143095094,0.033681515570622864
152,0.08573091162095851,0.17955162145734074
153,-0.0025796405001806263,-0.019145841487900293
154,0.04100262747462216,-0.04717323462381461
155,-0.013167505599347103,0.06074483571072841
156,-0.05257923207713252,0.10564967677759468
157,-0.024309649703825938,0.028854405607046
158,0.022076643389536146,0.03651246926798667
159,0.16114939368866393,-0.22892451016456064
160,-0.009135770245990115,-0.26989462772958395
161,0.013359654159626876,-0.1170388445207627
162,-0.04247698385101788,-0.05383982567513451
163,-0.13526081668612408,-0.02464991605404855
164,0.09021237964539065,0.09170280089410263
165,0.004451085706624156,0.06330534919124146
166,-0.01791392742718122,0.12278830709470234
167,-0.0929617339205313,0.21421529049726273
168,0.08041617154259725,-0.08413208681931252
169,-0.0973609473332358,0.11797024241073573
170,0.13154690460388463,-0.15957885034688657
171,0.06493092704868413,0.2879767633060996
172,0.032743892264684014,0.19129023230701847
173,0.16931964904308805,-0.1384457442027222
174,-0.07876898436037329,0.17699694091376333
175,-0.3204252899963936,0.36118065509986796
176,0.07796090878741083,0.12671243304085628
177,-0.010791342553859778,0.06127838523551048
178,0.0463148717607066,-0.031671244552645986
179,-0.15347211304460506,-0.05323073659906795
180,-0.010129721699308213,-0.05579223436572688
181,-0.13172282570641647,0.09016494771509741
182,-0.1275544766062062,0.02554817408268041
183,-0.06669204237438543,0.2588979582408314
184,0.1415902023602493,0.0087280327125967
185,0.0003156212094898864,-0.016510497581838115
186,-0.01117007428558797,-0.029211756665421335
187,0.06527119574317554,-0.09027621384928916
188,-0.10020487004466984,0.015756644253478436
189,0.09669314924503439,-0.15307610702081278
190,-0.042375714538294015,0.025939336528493083
191,-0.13664677343283926,0.06972845013972728
192,0.0693175039013859,0.30739875219699425
193,-0.38504790856855287,-0.10576302559081113
194,-0.16724472051404735,-0.04968422859411462
195,-0.13335334384626768,0.09199830422196308
196,0.12154016384813293,0.08332693501256863
197,-0.144116430472267,-0.051537492772113405
198,-0.22730638915368262,0.12220454602633647
199,-0.20662384621918237,-0.15146716686837733
200,-0.09919049700692818,0.09193236624391975
201,0.13254923074229685,-0.007981117787323312
202,-0.06665657419107622,-0.25284230445361333
203,-0.19699227002416983,-0.04519558161871284
204,0.12418998658752974,-0.026503554659273162
205,0.12834507152873204,-0.24185781836521114
206,0.044915848703022614,0.37464815192433737
207,0.0026140635295564194,0.10447055603249562
208,0.22045602594580008,0.09257591589532714
209,-0.04448179129022744,0.1627803805651887
210,-0.001118555313739063,-0.1570510593794133
211,-0.023466542408681228,-0.0290250040642647
212,0.1921394156946772,0.0274186696489737
213,0.030560077907354138,-0.11361233239230165
214,0.18877366462025238,-0.16550649618126984
215,0.13590834819569683,0.1299434266521667
216,-0.04802660581989513,0.14614489516996595
217,-0.04887471453387482,-0.011401525260165253
218,0.18067685655572294,-0.042165980577168825
219,0.09617115254128575,0.024282437977856345
220,0.06285478708322183,-0.04211253849718811
221,0.07023964778525321,0.3719112989635203
222,-0.005253222281259058,0.01572341889080441
223,0.24537357728756914,0.12649216003687738
224,0.06599627722540635,-0.14634803912344613
225,-0.134618526550957,0.054780278954175705
226,0.09732727176842061,-0.005389987564099877
227,0.14735269168513415,-0.1708954181142511
228,0.01039396984535407,-0.17518483095679296
229,-0.21192445243486652,-0.3154410882439391
230,-0.011955436549307636,0.18267017408449795
231,0.15557721764043816,-0.05695497359298487
232,0.23830359924109937,-0.16239322609525178
233,0.22454878244633736,-0.2657271156991856
234,0.172500405737704,0.06911958933687914
235,-0.10058199879468914,-0.0070850165667946325
236,-0.102000656374994,-0.2651922808410008
237,-0.13295970132453905,0.18753680185644606
238,0.11502897928173482,0.012991387993904226
239,0.076604904098148,0.07792291932828274
240,0.17210843897614142,-0.11253070823650015
241,0.013203828089132513,-0.2151195149034499
242,0.099315185420795,0.06754735136480107
243,-0.03833731775756995,-0.09737531715355197
244,-0.0500633554883922,0.05072767243084045
245,0.13380959241152557,0.012853579563389892
246,-0.01133787052054574,0.06238294112673096
247,-0.03802476184227125,-0.06648954636043404
248,-0.13322247903264162,-0.2017801228707763
249,-0.021814889916168298,-0.042033828618978065
250,0.04164247719405973,0.027865487824999226
251,0.11153045218371267,0.08858912608765827
252,-0.08358170302094885,-0.006831976182081687
253,-0.5249225832636364,0.05064618602790929
254,-0.07643935581693466,-0.07936921168431844
255,-0.2298515224768453,-0.3743593454943368
256,-0.043391423104407016,0.11112189634755185
257,-0.011074866396710582,0.21942220157980466
258,-0.08806940866750579,-0.055094979187834445
259,-0.1253309578531879,0.21387189624478117
260,0.011795156064215797,0.18137203806069097
261,-0.26821894724150086,0.08325058856217059
262,0.09286987859512795,0.06425971704503883
263,0.39062060601077686,0.04634640890343099
264,0.08942427722105477,0.1509357375990313
265,0.04836419721687721,0.21939116816545814
266,0.0030566041758042276,0.01912628674095044
267,-0.19913135245264862,0.0012042631584503187
268,-0.15532653438276525,-0.12605180835654034
269,0.04700911599761698,-0.28095902412244284
270,0.05558330107473836,-0.03352407856895823
271,0.004571165586096101,0.16950549107799823
272,0.13616541803300228,-0.17111156731615487
273,0.1820919222969536,-0.2036527989578663
274,-0.13700300346628208,-0.13402689617342167
275,0.09839937472376387,0.2292240614640737
276,-0.08960049605463476,-0.02618265119761736
277,0.21691454480607214,-0.024275986835471403
278,0.21851951066203024,0.1066283962772448
279,-0.251472037839827,-0.014816889481922762
280,0.037461308747541854,0.02597309965052665
281,0.03236643145527504,-0.19251986703200097
282,0.013430454132988498,0.17166789033631058
283,-0.2232552685346061,-0.14876712895825614
284,0.06401962561323624,-0.015575332239648576
285,0.31912140571340597,0.1231351534582947
286,0.09700340384545161,-0.41628107126399294
287,0.044538118308267795,0.28050180728785234
288,0.043939449912431344,-0.41260535803541304
289,-0.0007775794425816231,0.07964683600775192
290,0.2816842719940912,-0.04317223825179494
291,0.26237831267911516,-0.07859723320405529
292,0.09119049495023651,0.11700246794641249
293,0.3449907764141001,-0.07036344559011248
294,-0.1727387655480302,-0.07176598142672654
295,-0.0053167588860289485,0.15160450708878068
296,-0.05462942727393249,-0.030365289988111756
297,-0.1300817156849685,0.042986883072102994
298,-0.07988281703175125,0.2438968125447566
299,-0.03648919467806338,-0.016093578113986356
300,-0.32411555235814765,-0.0658621181312895
301,0.049893993694990695,-0.051723979334169015
302,0.05510116544084747,0.09662825966395698
303,0.20109624364056253,0.2750603647803944
304,-0.2333942846353908,0.22556005834857956
305,-0.07369748214020858,0.022295858449553462
306,-0.23124272527574397,0.09390594480262403
307,-0.09186832567510937,-0.12029872982455123
308,-0.16516565440624217,0.13177914934562523
309,0.09747356116523696,0.19079677296977915
310,-0.1366013235980947,0.2749588279923859
311,-0.29044852929881587,0.054926468551754704
312,-0.053915922011158295,-0.10238161049945473
313,0.07534264606075834,-0.05996827062883771
314,-0.05122964304307383,0.04070108534589336
315,0.02902361551305435,0.08348434471084464
316,0.08326068577763929,-0.03393391238103842
317,-0.05419989720285053,0.09590097336409474
318,-0.05014655879656978,-0.07612948923197137
319,0.061999958148372065,-0.04988815713005542
320,0.23660423468395958,-0.16351422756508519
321,0.08280503540041928,-0.09460288315513311
322,-0.160718693680005,-0.08426812981751874
323,0.1674822569411411,0.1635265677737243
324,0.1804710545364815,-0.012284893218871282
325,-0.025861200884492692,-0.12933544419765128
326,-0.18667882765834157,0.01990591721194016
327,-0.06564553177522865,0.12182991754928875
328,0.022400772323955914,-0.0029204674104747084
329,0.03807523610625825,0.1449618081802437
330,0.00803197751244103,0.09117234895017322
331,-0.10371486436818868,0.3581149075471123
332,0.05636021111937697,-0.294922227209487
333,-0.19328305640523358,-1.763534720068948e-05
334,0.0021702159875808943,-0.22798464212139108
335,-0.13560783819952166,0.0015787715037404336
336,-0.022299034432892773,-0.06622543073510516
337,-0.1363094915405572,-0.0062884252308921815
338,0.06408020441166791,0.0200740335952314
339,0.1382669781017758,0.10555396669106715
340,-0.01942639002349236,0.1243259865634677
341,-0.06742233478754066,0.020166135361159215
342,-0.14431990914328174,0.1523397118087839
343,-0.14833041585828186,0.08301052864827188
344,0.16442522630783662,-0.06356745160935194
345,-0.1124932657252683,-0.12754604419833387
346,-0.21089769443435225,-0.23878123653481328
347,0.062176681468324786,0.3681082086313984
348,-0.15770921255494064,0.15612422829819095
349,0.049664133095190285,0.12448093851303511
350,0.0895115002867778,0.06744389940353204
351,-0.17755137997336629,0.0820123356015611
352,-0.33199648996687464,0.07054059484458153
353,-0.10500008763513838,-0.015737449463080422
354,0.08813937113842897,0.21160495331127557
355,0.047177101703661566,-0.07502241317970365
356,-0.04065932519220873,0.10986980763879034
357,0.0693047646716683,-0.044896996894949116
358,-0.15501912119873534,-0.128593263185867
359,0.052413323418291594,0.03338942819476908
360,0.08583981152881776,0.011052297357038533
361,0.0793556723444315,0.10822122806825643
362,-0.19079036999990556,0.016218033112325465
363,0.031023906748456134,-0.03369116993890666
364,-0.13191724943125557,0.3526011257422151
365,0.21965930133530998,-0.23560370194304972
366,-0.07738178771216994,-0.07470376364495399
367,-0.1662000598752716,0.031111949403538862
368,0.010549609678290859,-0.07421824372828098
369,-0.03748616948015567,-0.25029079691934414
370,-0.1838095329669657,0.022376118885854706
371,-0.06695940452622323,0.10774175015779582
372,-0.07014081387561019,-0.008697564301014394
373,-0.013762096089374197,-0.30807323931340724
374,0.13809421647812975,0.08240782486440407
375,-0.027796020347976957,-0.11212796910603319
376,-0.18498207727622984,-0.1256289377582146
377,0.2445084846714896,-0.06656125539949695
378,-0.0013810985483475968,0.043173585208254886
379,0.015775341109094898,0.18995813755625113
380,-0.16141659737772432,0.03263598040672424
381,0.1382634057057221,0.272843073969476
382,-0.007533778544757372,0.1672787801794386
383,0.08650741393185067,-0.011103615734207168
384,0.03875152549884544,0.16534550859670513
385,-0.016373592067602305,0.2345054419941874
386,0.3161280368602841,-0.08625268803523466
387,0.020629817349280696,-0.1976678610717231
388,-0.18401852240329325,-0.1921789968900664
389,0.158131749902244,0.15741667198522183
390,0.12650857953305292,-0.21824118755695002
391,0.1764305496752964,0.09417820767573229
392,-0.11367671731357615,-0.0860480954613116
393,0.19212416655894574,-0.06357554395517433
394,-0.18769060107586114,-0.09119673232502137
395,-0.07936978162082445,-0.019689274190019933
396,-0.102809876080081,-0.01787087445627779
397,-0.019289173265175992,0.05479374489875206
398,0.021515416217860704,-0.12943782960702566
399,-0.1652660953463357,-0.04511601316692823
400,0.28861896242119955,0.1359503509500752
401,-0.13287048924171035,0.012835161262091948
402,0.24379447907199883,0.07344188463155074
403,-0.07680570150393712,-0.19907220147107782
404,0.051656670982773295,-0.009884022929548673
405,0.02927629067582442,0.12707443562339182
406,0.04453253501984104,-0.07938976891194335
407,0.05932015121022421,0.010163385797738813
408,0.14559163327773303,0.11554791680051871
409,0.23718218505540833,0.16524783529477596
410,-0.06846690877564272,0.0775832415224726
411,-0.09924094174452852,-0.12395343951007406
412,0.06395566820334238,0.13652474500320674
413,0.056021967757943,-0.060288460893149876
414,-0.20383401563695275,0.07985348994688572
415,-0.14340637361167524,0.17750446010420023
416,0.1033352164907134,-0.04769890772165253
417,0.19558403293168078,-0.21797578460329647
418,-0.21070152169018913,0.056871414817138186
419,0.3716830025856995,-0.07760131593003983
420,-0.17829802951802728,0.06872812529845017
421,0.09162610129195309,-0.11670363100982183
422,0.15166734902791978,0.01002310530560919
423,-0.14304154981952288,0.18021435236154204
424,0.14939079750988454,-0.00422809341780042
425,0.014186565024581268,0.0022602142264384587
426,0.07778863249114405,0.029864096092717975
427,0.045164656152641786,-0.0643947055272376
428,0.2567482311217151,-0.1662920864814604
429,-0.2454270906528435,0.08372112173278308
430,0.1914807909545579,-0.29223851251526045
431,-0.07022126566619522,-0.007159647755412843
432,0.19053947439450242,-0.003951801351186076
433,0.11570255820119565,-0.11177928351424532
434,-0.036418427960323664,0.029118469082539147
435,0.14717920085244973,0.10786685417510049
436,0.04863642126086699,-0.10874916899090678
437,0.050050263425664515,0.09579744779479493
438,-0.08031849690469857,-0.05398221207634091
439,0.2339961493989285,0.023555532103370472
440,0.15935334652086783,-0.11513205157046763
441,0.20071386519871112,0.039327945477267645
442,0.19915378566286845,0.05804103919788592
443,0.1305262890991352,0.08742596289464842
444,-0.20843029586831704,0.06436015098161255
445,0.060324112634240375,0.3350836089144696
446,-0.05185560513050207,-0.07732958950983401
447,0.0030019152090226507,0.07688986314165434
448,-0.013385790356162346,0.10770938826127467
449,0.004548106058346027,-0.1966505714931107
450,-0.13886798440132178,0.327395083646703
451,-0.028849437391923798,-0.11125071765741144
452,0.09888581873054166,-0.187047381440699
453,0.2012909665066367,-0.07676283909162353
454,-0.025257053474444503,-0.09646507047909281
455,-0.11821244215764687,-0.022254577352088613
456,0.41926053427181326,-0.1509951435071486
457,0.13798748807752953,-0.02921736812075996
458,-0.07204661758650004,-0.0753013940986947
459,0.20701579903398246,0.1812050448827028
460,0.045790787243821705,0.09765460929443853
461,-0.13029784710310358,0.06959255562728453
462,0.07956221194436759,-0.047515778893369234
463,0.10079883961796011,0.23696617030707234
464,0.16485077698313172,0.10304471849294532
465,-0.047294481047451466,0.07821308424430419
466,-0.10385962730843712,0.015474240359416115
467,0.2076677936048518,0.20211618584490848
468,0.12142589721301031,-0.09156608795368452
469,-0.006035604828816738,0.06673566166746535
470,0.09586143761874887,-0.08952492583095399
471,-0.2447941799914997,-0.08301114980333683
472,0.091449966458588,0.09477442430196474
473,-0.02111601605731338,0.21788008659451397
474,0.20386920340802078,0.11887759507151201
475,-0.26620473821957547,-0.026362056408466037
476,-0.026106306329753484,-0.04514822094520486
477,-0.12420957572624446,-0.027318748680473234
478,-0.09614258287575168,-0.1641200905423179
479,-0.06107818385345471,0.18912637106332247
480,0.1263117559784785,0.14793682133198585
481,-0.08186937328230788,0.13800118939201028
482,0.1955459490666672,0.006282342898964834
483,0.29349319136031615,-0.053201435068841625
484,0.10349770302670416,0.12363638777530633
485,0.05404901429144391,0.10928349215569184
486,-0.008206565875826924,0.14026410733102085
487,0.04676024852452547,-0.10811668342893047
488,-0.1391586399505373,-0.07178051579322632
489,0.19795123955296243,-0.13950896656788722
490,0.06122542260163992,-0.13794239057585433
491,0.22683057872226048,-0.20047151595031082
492,0.08782006580084491,-0.15982822985396836
493,-0.15840378879264866,0.07994449797164875
494,-0.041517078982911945,-0.08732545832014485
495,0.005725355056750158,-0.0515377071190344
496,-0.07783418879792205,0.011821654761906313
497,0.04941800575179209,0.23300866373823592
498,0.08576225096311825,-0.15230166837396514
499,-0.09094846571680608,0.09585486724999177
500,0.06965526311293428,-0.04493362007415669
501,0.06294159522379461,0.020534474111841988
502,0.030859480261836023,-0.19181260827587865
503,0.10555225522895437,0.28317897619115995
504,-0.0850927666540051,0.24018740561069665
505,0.0005464859907245257,0.0676837199527768
506,-0.17909835227036544,0.2791891380159907
507,0.02673753386664682,-0.07787131812357588
508,0.13661814408390438,-0.05309260077590236
509,0.013695183450157227,0.03793667576306944
510,0.08306038412296692,0.20165221067699826
511,-0.1758817435078158,0.09298734283424627
512,-0.11792889729734286,-0.060521203138071224
513,-0.056381593254312745,-0.12872104505332532
514,-0.16060661938189988,0.16886289820826605
515,0.009919546004528613,-0.1900993957586073
516,-0.2844923974248839,-0.03413771428963812
517,-0.06749991138826922,0.12792933038728693
518,0.07401849930058728,0.04935116060584702
519,-0.41582045480260804,0.03870389740439065
520,0.1624491199815813,0.009845201233358893
521,-0.0830621774690801,-0.162563022627459
522,0.09647392565353136,0.08795344128731908
523,-0.0014413237714518566,-0.03735730163577471
524,0.010796027123335529,0.04206632312136898
525,-0.24484218931325724,0.1736528643611485
526,-0.02256935111574444,-0.022852019080258825
527,0.1027365324099627,-0.14331277242633061
528,-0.23926226202622847,-0.043099984509643266
529,-0.06726572460066088,-0.13478128346699667
530,0.02556691483986682,0.07352843871335295
531,0.13292707985343186,0.15263324331594955
532,-0.0801450341117554,-0.19538445577053568
533,0.03352596806198582,0.13105732639229187
534,-0.04624496778128535,0.10771280630016306
535,0.187176490885725,-0.054850747746030264
536,0.02842228898557553,0.1583260566056991
537,-0.07475831836127196,-1.396609238937748e-05
538,-0.2911367976888765,0.07200615335679801
539,-0.11564662110874929,0.0463604299837159
540,0.11149986892565814,0.0860077231477523
541,0.18107971535370362,0.16555751919471737
542,0.03126230046334234,-0.24084210570262252
543,-0.10165183636729291,0.20745260878391092
544,-0.1112864505667815,-0.036239819571050456
545,0.18167459587359597,-0.2869898660453511
546,-0.09874277769084211,0.11184893209038846
547,-0.286703143168773,0.07823892306427191
548,0.17231197147195995,-0.14018179579327472
549,0.07952780843782187,0.08770669212175002
550,0.07706759933032967,0.36061518088767214
551,0.21668868583260553,0.2851713001993559
552,-0.13622273649405622,-0.048647240341474586
553,-0.2460031693564672,-0.23144461545635772
554,0.034683463209130926,0.0711413232076632
555,0.016330705013013754,-0.018944068158324646
556,-0.1860345562766554,0.03923808668998551
557,0.13035141808145523,-0.05964107475305779
558,-0.31162829273004694,-0.14391336319644918
559,0.08154808894919072,0.0030955570915723353
560,0.04387853896717992,-0.10689734013658882
561,-0.21407506451329486,0.021287005796030534
562,0.04360341972153047,0.1910512477167856
563,-0.04368257767018353,-0.5362788263807213
564,-0.21839931386302494,-0.06770200864095388
565,-0.0676658873263444,-0.10003642134414976
566,-0.10651266313962951,0.055180685892210805
567,0.20100672717431992,0.125394054827791
568,-0.0024681109629996773,0.1888785394802244
569,0.057508755277341964,-0.019364635777304504
570,0.02636664926702731,-0.030216228473808098
571,0.1672096634118986,-0.17760421798615028
572,-0.07647296759895535,-0.068538480041079
573,0.004353455359287633,-0.055126582045194245
574,-0.0396817507291934,0.06719497328779196
575,-0.00968887576510272,-0.18165144842094064
576,0.1670167655774011,-0.12545431727554465
577,-0.15601791596279607,0.16939805153872642
578,0.11947297440548334,-0.046994752316491584
579,0.16793614860503284,0.003551175944591023
580,-0.08000226284712418,0.01051242175362328
581,0.07211965093274857,-0.024734173306122244
582,-0.029183615332657953,0.15898820790738658
583,-0.026432751504492806,-0.2173948429912112
584,-0.07890566013708532,0.041268716652313284
585,-0.1053038810815099,0.2376773711615048
586,0.21364299603877723,0.0634214118309046
587,0.1503923701598137,-0.10707807623874512
588,0.2232911259946205,0.053389843353556746
589,-0.18714151408880147,-0.018697001687689792
590,-0.03654027822662406,0.1198727040307382
591,0.005438181211599728,0.044921890050094636
592,-0.008959090945024874,-0.0006111999436136632
593,0.0720320426253528,-0.16761781505588275
594,0.1065005185164644,0.05296759170036238
595,0.08322787340015887,0.13684920473757792
596,0.10865248810455644,0.09198873749566899
597,-0.13569149773891426,-0.14889283819701782
598,0.005760939852680364,-0.06948157772465871
599,0.06782449101398874,-0.030239957839487956
600,0.15326205930216621,-0.05910256436460392
601,-0.04600011509797138,-0.12950106737809317
602,0.04589972271780215,-0.16040613553390226
603,-0.1202813153020809,0.07711445894627132
604,0.15066822726662468,0.15396437639981636
605,-0.09078248449699383,0.01800201594315372
606,-0.10572707382750664,0.11111125174089455
607,0.13345252177901343,0.13564630603950192
608,0.2196704703472631,-0.1293888179593377
609,0.09067288515840552,0.04437772449850556
610,0.2910695544012575,-0.12595929623849705
611,0.1382567708179778,-0.097511350460844
612,0.3446938710279444,0.12236022041529476
613,-0.08371557499229058,-0.1024744054069429
614,-0.19056449975496348,-0.04330044046138451
615,0.20601911839809484,-0.15401322397482844
616,-0.0005213027481798845,0.020899698633720667
617,0.19664580701524673,-0.04443141884010189
618,0.037140342031495,0.24730554380780456
619,-0.02506035468989128,-0.1441003407386267
620,0.1956454742127173,0.1201932455519509
621,0.22295329531715663,-0.05728262866612935
622,-0.1477219968669946,-0.11387626126615397
623,-0.28537141149497663,-0.05597310995362883
624,0.04913536534417864,0.0869030937565466
625,0.14671541826794138,-0.3067940368932386
626,-0.16866912540678583,-0.05339008807887958
627,-0.12606872731501909,0.032656617030779996
628,-0.07089278748893005,-0.1703285960457685
629,0.03092832484160807,-0.027442527918333928
630,0.12327284372647526,-0.05327421127894601
631,0.1805499985579068,-0.04308799404152675
632,-0.015351939472905609,0.03950348107389981
633,-0.20020046338247371,-0.23727578967692517
634,-0.03439482785955848,0.0799133861472142
635,0.13561050931455482,-0.006372235394506721
636,-0.09215749682608147,-0.04944203410286245
637,0.06185867528588446,-0.35794292676074235
638,-0.12828783399064678,-0.09254164404454746
639,-0.21303471620069253,0.021720064449440756
640,-0.0469612755204362,-0.07153194324020021
641,0.04506693262505989,0.08415372245652372
642,-0.02787128135477309,0.14571202241818332
643,0.19562793276674997,0.1887929539499087
644,0.14378730709645388,0.08046582938306573
645,0.07855197121466066,0.1992661713755795
646,0.15941897569139296,0.10241583284687646
647,-0.003169885440342382,-0.015306070696120418
648,-0.3932554148969471,0.11910496271673086
649,-0.07379969148305113,0.09812551609699507
650,0.07582110467277953,0.04319510875498718
651,0.06111657852747388,-0.04982357485756878
652,0.025296900900971846,-0.03905256219986523
653,0.2004092179575102,0.1544197283051831
654,-0.025317417230927813,0.04409695340504077
655,-0.09725714378242484,-0.1773327940388389
656,0.1882268175177298,0.11896986218982719
657,0.12008856287675876,0.24982544565201387
658,0.12670806174136315,-0.015427520681466697
659,0.0528086038362888,0.12971376289889133
660,0.27600093759217964,0.0961461486195384
661,0.20156490086402978,0.09657470260677235
662,0.22179574123151016,-0.09343886844126431
663,0.012920382410771127,-0.03256374743870205
664,0.06691195513556175,0.12495776499183706
665,-0.07196722908835342,0.03660520006116201
666,0.10066712157209648,-0.09510515084047326
667,0.18323850666015973,-0.07035312810314667
668,0.3664024069441708,-0.2520629890320427
669,-0.08905269674348817,0.09235352670132622
670,0.035682250009418,0.1083501003963431
671,0.029938064683092905,-0.10089074317401688
672,0.2781386433523052,-0.08501273124977164
673,-0.03229244426126174,0.12423488764584033
674,-0.18803151065297496,0.026026574570546288
675,-0.041118198264212744,0.1579156681598924
676,0.07362044396389507,0.23739406058692294
677,-0.3461003397135911,0.023266484811027062
678,-0.029171577994387434,0.028355982108235752
679,-0.2207690612658858,-0.09134023567770545
680,0.014344242569331101,-0.051151434699889683
681,-0.09608803399927367,0.14600526799091204
682,-0.14487030470006138,0.04352934244736705
683,0.017144013448142065,0.052918991168324145
684,-0.2402645421280309,-0.25385943319938525
685,-0.023562163143205934,-0.06598032179382024
686,-0.053282862419091664,0.08703413627429843
687,-0.24047152432764743,0.14243222240117137
688,0.025761873424926827,-0.13949650793649948
689,-0.08163004996684481,0.1514433734674424
690,-0.08398056546117447,-0.012587012657341244
691,-0.08453309938417883,0.2757369971389009
692,-0.042774606623749434,0.2582109278544193
693,-0.032796797909959,0.14380577818429197
694,0.07860112485005466,0.1582888372486793
695,0.014198271878686603,0.3405537694690127
696,0.007039421478491388,-0.09079668654349234
697,0.24674221186318582,-0.11168353319800674
698,0.22851734710959243,-0.11553147221770191
699,0.10192362041496708,-0.11769556264393574
700,0.020355382364618792,0.1527334461578524
701,0.07657049289523582,-0.05312913082659047
702,-0.011571291296969792,0.10736511486378643
703,-0.19886794135094993,-0.16135246283508975
704,-0.012611026187595088,0.020170792375617218
705,-0.03930798808783859,0.12279731333253306
706,0.04031742566284441,0.07664863643973127
707,-0.31831640712388826,0.09456077222418725
708,0.06896406018777781,-0.021490371606090023
709,-0.13977408503938704,-0.08685380513332899
710,0.05079772408163057,0.10474300882330453
711,-0.0924158936831785,-0.16857726735658518
712,0.05921696429102574,0.1450708600873041
713,-0.04465480719304739,-0.07424842771006511
714,0.030455454034463172,0.13120056460143728
715,0.02783755891019684,-0.0045841087155873384
716,-0.1868505740076099,-0.17891246177373973
717,-0.056470779140896196,0.032536382001033655
718,0.04131017082712141,0.031672936041943996
719,0.009697369787671656,-0.005046850420337996
720,-0.11608091636758822,-0.05151733868768575
721,0.055164446904431536,0.28713793767351886
722,-0.03214866804560069,-0.04729120678905848
723,0.13818493625750713,-0.07619724937778471
724,-0.21197497167844892,0.12566645539880542
725,0.03020837674112816,-0.14099143569204145
726,0.044864395335887645,-0.39357619834043583
727,0.054047841225392246,0.19260961646219724
728,0.00340862722701166,-0.1065664619009733
729,0.014998029472817946,-0.32503929053090314
730,0.005690549642487346,-0.07498701108901401
731,-0.13293093797182484,0.010145791920517103
732,0.04210309159660923,0.024019990686567554
733,0.1765164974315212,-0.16764282033788164
734,-0.07456435165960121,0.2602040563015424
735,-0.0022616619024272127,0.31288933529306645
736,0.004511169598399275,-0.21075212656752582
737,-0.03705587116171103,0.2180442804962645
738,0.007992219513615204,0.4214756269285563
739,-0.010678181456572575,-0.06277737574793206
740,0.19986878717157033,-0.051952653702168866
741,-0.1232288454538253,-0.008272993080382934
742,-0.02844535161593194,0.07280280454801898
743,0.2874654077448414,0.05662843068466775
744,-0.011065217074981289,0.31384484514307787
745,0.14530488646463507,-0.08942902872321103
746,0.04404444950881446,0.1197841850244311
747,0.2752387211395179,0.07565560237992153
748,0.02139516358001954,-0.0437637590976701
749,0.19685476587800896,0.1722649406258219
750,0.21626968848601255,-0.23856226398965488
751,0.08460739826171078,0.16264315135652843
752,0.18108751063404485,0.014973236891296579
753,0.07455113367529305,0.05741147379557842
754,-0.16362321829661547,0.11640360823929205
755,0.04855791846501236,-0.016282074485031314
756,0.23519034697155858,0.1595158756667051
757,0.12222997890657042,0.05257100232059075
758,0.1314423567185143,-0.11081642624766112
759,0.08079737183226934,0.2970352849441807
760,-0.10131904825118809,-0.10798985376211019
761,-0.02423535508212912,-0.03283232827834805
762,-0.1035642862861941,0.16818628442369776
763,-0.0714861783149797,0.16418834424403322
764,-0.16922508775757175,0.1455083046028654
765,0.0837498787047996,0.05893854558537384
766,0.05870176636442061,-0.215986648726395
767,0.10509544874891759,0.2608752706970773
768,-0.0002142107083827964,-0.08027745459777041
769,-0.2296001708510264,-0.055180550683332344
770,0.11155639047794481,-0.12939638353810473
771,-0.2496301700586428,0.021646631333877606
772,0.302742350998498,0.1716742403440605
773,0.15937564481788788,0.18251984943786617
774,-0.2016882045191977,-0.04188462064758272
775,0.14117949925312218,0.02826819543038719
776,0.21899475695646292,-0.020979315858817925
777,0.059939073293817674,0.059831298759319924
778,0.10143739882012222,0.033781197518118034
779,-0.18804044857714547,-0.2089505543071208
780,-0.13081221491680722,-0.1624149157924834
781,0.07454566838600957,-0.005374996735950206
782,0.09035935433347946,-0.22690481990566633
783,0.02053441435832606,0.07649219065199842
784,0.1779898204603952,-0.2754207378503006
785,0.13282231613685055,0.0375698892892221
786,-0.1959325103823948,0.17534007717438505
787,-0.14587943641430623,0.011855950986987315
788,-0.07666474006301228,-0.11114598440003358
789,-0.11382187603901152,0.017801173841000703
790,-0.07199519923282993,-0.06864479168435192
791,-0.007967373260147495,0.12224785380086621
792,-0.1818707160181435,-0.0653039422619748
793,-0.08500117112416344,-0.0567902949978772
794,-0.2636088528459462,0.15159284183448998
795,0.06397854041701935,0.14074633843179332
796,0.2977802687812982,0.17332796585827798
797,0.1565387008138341,-0.10513164408468509
798,0.0875741213175009,0.008030242468719886
799,-0.05442157892886677,0.12047025033334212
800,-0.04228227595221256,0.3618434178023705
801,-0.03187783438691629,-0.17807967892058993
802,0.14043483672908924,0.23942310586841192
803,0.18542810546007293,0.18140286198655958
804,0.277827510790393,0.1679429258042959
805,0.1595001181041435,-0.13601274169848915
806,0.005169925935875924,0.0922971195286324
807,0.03390353369818488,0.27777817871972466
808,0.19734961915150848,0.12610862238666293
809,0.08914458438981324,0.08353935260405751
810,0.03711641850415508,0.14279577918215822
811,0.23244681482973092,-0.07870282617752597
812,-0.11241670570083585,0.1255448078536574
813,-0.09506531291106302,-0.05284838301124101
814,0.020911743110223778,0.0032555086469088484
815,0.0908482238339283,-0.07405022488050475
816,-0.1723104483143417,-0.14306794333609038
817,0.3429691030575057,-0.029675992354718662
818,0.09464161928197164,0.04840358958833402
819,0.18188656128393535,0.166256840619408
820,-0.20729210929001504,-0.18182619252955629
821,0.13274339550665107,0.11597663546971859
822,-0.25174594111836235,0.21598028727815666
823,0.009617519463004503,0.028630935113599078
824,-0.049982013668732256,-0.026726945678697923
825,-0.3045123788789916,0.061552294780601424
826,0.2125091595148634,-0.04115260822536937
827,-0.2730493041698857,-0.25346345816865995
828,-0.2096055374673105,0.006360993088942821
829,-0.2677694524140106,0.10721342301866849
830,0.15115997077165266,-0.1838480093788591
831,-0.13736345433847816,0.2692970773361719
832,-0.0409146451353187,0.06823962714007666
833,0.14213349568220396,0.16139290004307105
834,0.01470396930574598,0.2404447474286173
835,0.10311062770155943,-0.03115720088873228
836,0.30689881986599926,0.22944948846720503
837,0.06741230171705483,-0.2304885436831984
838,-0.04950502546917517,-0.13064179752666863
839,0.12163692890865233,0.12784332656800163
840,0.06841770359382267,0.3591498201641812
841,-0.004015376922384224,-0.029471499990275846
842,0.11185700645407584,-0.15745132034932896
843,0.03156322671421133,0.11710699335147644
844,-0.34445270930475214,0.20240334631506968
845,-0.14766601672994803,-0.051235346803487486
846,0.02411867913938228,0.16483849702986406
847,-0.06300645965856731,0.1523376182552586
848,-0.38466684959580066,-0.05825306164298643
849,0.388779795474177,0.21523845709969877
850,0.2134200335435959,0.0952032467498583
851,-0.028903289004912756,-0.08496889543570757
852,0.05857791625607713,-0.09648530984094929
853,-0.027615313711764462,0.2250122736128938
854,-0.0001117749260322468,-0.12751631151131657
855,-0.0882157214894421,0.0926811273701341
856,-0.13411750470999745,-0.07731052102694147
857,-0.04779408351939755,0.3100916277583345
858,-0.08099085701676455,-0.017198322681666836
859,-0.44018436932042687,-0.07903672617188134
860,0.02756408557183253,-0.2041937855418435
861,-0.02968533002108178,0.02053111596316576
862,-0.0029420212618795905,0.013643144567342008
863,-0.08396046645360138,0.3037514971046028
864,0.04148080661903465,0.08285384832707134
865,-0.020196883717878703,0.004845273674994175
866,-0.09421627771845555,0.018742569411957045
867,-0.1479872205622371,0.2959499399458135
868,-0.03879413401734591,0.11988579690500166
869,0.07325964738919795,0.1887478604523557
870,-0.17284994188374853,0.13646554374857786
871,0.05032822993815907,-0.015110101885555826
872,0.0780375317387297,0.1286781737853948
873,0.005259354788071236,0.25729194944567796
874,-0.061629288132349136,0.17214493644222542
875,0.11830804151991188,0.1832488221058008
876,0.018147062559593398,0.2182431713724345
877,-0.09867766684949844,-0.024145761970377377
878,0.11033880327547287,-0.0963736280146737
879,0.050395636834759686,-0.22676131768435961
880,0.22044229465401016,0.19472451397683477
881,0.08173936059336853,-0.019361263652472198
882,-0.06510346528662339,-0.09866431465342047
883,0.028551815164573134,-0.11945184115529132
884,-0.018996671666914204,0.15638785801943053
885,-0.037568728775175995,-0.08749148048151402
886,-0.053882230823257445,-0.005916994402776126
887,-0.3135896416286421,0.15653156187300904
888,0.03287312163764328,0.13036881114177049
889,0.23508378285530662,-0.10211853590501137
890,0.07454792471817086,0.19874254301797728
891,0.05983244677499403,0.20464657783504323
892,-0.3645097638797583,0.24918613392482206
893,0.19214229371630123,0.0674450652566076
894,0.04300550553527006,0.2639195539622588
895,0.0053549550999356585,0.2330594117113928
896,0.13481430365734842,0.021160643808761762
897,-0.07746099727226188,-0.04211339999150932
898,0.007876395862455674,0.050046122157517546
899,0.06248313351096072,-0.11232400179439886
900,-0.1409615425774485,-0.047504925123046125
901,0.024255026246048816,-0.0661756144399575
902,0.138126558470826,-0.05368985824197974
903,-0.3198012359994565,0.16463327129071928
904,-0.1646169157927934,0.12485877846225173
905,-0.10686945457727894,-0.144504558782126
906,0.16094128647009315,0.014875869864575047
907,-0.08230539107341596,-0.11803233807397502
908,0.11198275675972787,0.14748121363256936
909,0.0646214206997284,0.08629165620829002
910,0.09937713522299622,-0.16096382802178952
911,0.05460507559534701,-0.10368406477626145
912,-0.0034036111427722493,-0.20268293750274982
913,0.19522475024803881,-0.12706209154341433
914,0.16675377899227012,0.19978692877819706
915,-0.11545918533445983,0.03731722527875676
916,0.010980263060916349,-0.19059390053884598
917,-0.14190188641989337,0.15188449124504494
918,0.11507236891512469,-0.08471862910425712
919,0.08308440043945818,0.07982295228265404
920,0.031464039726847616,0.12745645818682916
921,0.07201870648000115,-0.023547974219363384
922,0.07110005134892007,0.18077252822127715
923,0.14362225355603528,0.015610321849582208
924,-0.3169077142428973,-0.03890973133496965
925,-0.22369332718821636,-0.2518259885756852
926,-0.05818778824723952,0.013257297822513203
927,0.011052618074537881,-0.08185752027005533
928,-0.2734040345411795,-0.1082797203000004
929,-0.04621110653095611,-0.07075152158528393
930,-0.05109819333657849,0.14753704709061932
931,-0.02152597746644585,0.16663249214117193
932,0.3604162582453601,0.16540137904587085
933,0.015290204665035029,-0.08062094964202296
934,0.02949647810756236,-0.04806733156504131
935,0.19101248433256618,-0.06868170283773085
936,-0.014958313743107665,0.03908974069948803
937,0.02186043750601159,-0.13573299012723977
938,0.005270193276852036,-0.07441893091913712
939,-0.14121751376947703,-0.037121801068417656
940,0.05878844892300802,0.3224636955577257
941,0.13912634447926858,-0.028738233148816444
942,-0.15477433558110903,-0.07432809594925445
943,0.23193429745967648,-0.08581686608919542
944,-0.09034723269281521,0.13021805782665039
945,-0.09334545376011906,0.15751034506138983
946,0.006665043941959028,0.043366420728720885
947,-0.30202496688377656,-0.009149955807189719
948,0.03844673188378313,0.08991409784985097
949,0.1020207010821801,0.21024544188880678
950,-0.008410808204890265,0.12971595805872668
951,-0.004729504314896728,0.07221303611424378
952,0.1828821821493722,-0.24880554506286262
953,-0.21291106553405253,0.27811139501808285
954,-0.0766698860651687,-0.119102138256498
955,0.05313539387387415,0.13079688318161825
956,-0.10632041345727347,-0.10989498914584352
957,0.029089291764886737,0.14634123795930484
958,-0.12923507156818886,0.04032247703732436
959,-0.01078312180468644,0.11320127196564847
960,0.051384767246230915,-0.1407660405634593
961,-0.04753457859120763,0.030439092574600066
962,0.10029517805542339,0.036550904222376564
963,-0.026346795506128076,-0.04742894497410552
964,0.10186485067445084,-0.23965908330244962
965,0.1885425185086887,0.2145090671071205
966,-0.11099839908729722,-0.057302251057282656
967,-0.08189228141896397,0.22155293678792007
968,-0.008469070972302737,-0.024525266932167934
969,-0.06914899476106007,0.2867029097469371
970,0.2168236838946422,0.26902525613669226
971,-0.020116338425108564,-0.09291917788672115
972,-0.03509736340613276,-0.05316546245810553
973,-0.0060584239930532345,0.12963636698258338
974,0.08716709922796749,0.06721768436610354
975,-0.22019458064805622,0.1045102383042124
976,-0.08678656676357425,0.4106822033488355
977,-0.06002964014781215,-0.07832724689356942
978,0.13283770911183757,-0.1307902372098859
979,0.2084403669166168,0.1286224920288392
980,0.131286595355709,-0.16309986186146988
981,0.3718168188302482,-0.02956369837786399
982,0.3254674927341124,0.1223405995882919
983,-0.07256074201656966,-0.006012822282524147
984,-0.03387856365531785,0.1849424467573224
985,-0.04423274545402821,-0.24113963227733762
986,0.15711708716224357,0.03135301179125329
987,0.15495505023953085,-0.10121231443267413
988,-0.032539883889852225,-0.04939870796887284
989,-0.23271934100456104,0.27939678843512805
990,0.10212528474164224,0.14987876529068878
991,0.07868986653800128,-0.07946630369733762
992,-0.01788924104622593,0.050639782599608704
993,0.12321921320368093,0.06787441094728161
994,0.17786975047009515,0.03630092313753814
995,0.23074277122076428,0.10674075252972545
996,0.20969998784693566,0.03378467025750351
997,-0.0382388559973292,0.35157363369162364
998,-0.1098997396566231,0.016429120712203406
999,-0.23135465114575313,-0.0199592126080756
