0,1
0:03,96
0:04,97
0:09,96
0:09,97
0:13,96
0:16,97
0:26,96
0:28,97
0:29,96
0:30,97
0:30,96
0:38,97
0:38,96
0:56,97
1:00,96
1:00,97
1:11,96
1:14,97
1:18,96
1:50,97
1:52,96
2:00,97
2:02,96
2:08,97
2:10,96
2:21,97
2:23,96
2:28,97
2:29,96
2:32,97
2:32,96
2:38,97
2:39,96
2:44,97
2:44,96
2:53,97
2:55,96
2:58,97
3:05,96
3:06,97
3:06,96
3:09,97
3:10,96
3:15,97
3:17,96
4:08,97
4:11,96
4:11,97
4:12,96
4:15,97
4:26,96
4:41,97
4:46,96
4:50,97
4:55,96
4:57,97
5:00,96
5:03,97
5:04,96
5:06,97
5:09,96
5:11,97
5:11,96
5:12,97
5:13,96
5:14,97
5:31,96
5:33,97
5:36,96
5:37,97
5:38,96
5:42,97
5:44,96
5:52,97
6:00,96
6:05,97
6:06,96
6:08,97
6:08,96
6:19,97
6:26,96
6:27,97
6:36,96
6:38,97
6:44,96
6:48,97
7:21,96
7:22,97
7:25,96
7:26,97
7:33,96
7:36,97
7:41,96
7:42,97
7:44,96
7:45,97
7:48,96
7:49,96
7:53,97
7:53,96
7:55,97
8:04,96
8:07,97
8:07,96
8:10,97
8:26,96
8:27,97
8:34,96
8:34,97
8:39,96
8:40,97
8:41,96
8:43,97
8:50,96
8:54,97
8:57,96
9:00,97
9:05,96
9:12,97
9:24,96
9:25,97
9:28,96
10:04,97
10:05,96
10:15,97
10:15,96
10:20,97